{"loss": [5.892724939847837, 4.534123509568994, 4.377485027469173, 4.324827730990699, 4.288352195052308, 4.268517569085643, 4.2501029318509165, 4.235277664923339, 4.2281820159656105, 4.2170353233865, 4.208966114597779, 4.197154339930203, 4.18348801511655, 4.176640228972567, 4.15269136258273, 4.149152501846493, 4.140058433069441, 4.126714367412501, 4.109488066610091, 4.093894585781783, 4.0838080849076555, 4.068088874807148, 4.053352574236711, 4.046207316221076, 4.026042709235255, 4.012371608983961, 3.9948148889449038, 3.979710240437984, 3.964252561264805, 3.946411696513453, 3.932478847545896, 3.9161846311631265, 3.897855425831245, 3.876639478719533, 3.8606544958633453, 3.8457335748008115, 3.8159666747702508, 3.7929303449131404, 3.7826840017829104, 3.7665845626989594, 3.746297276866759, 3.719340869056937, 3.6952343449197054, 3.6755836406734406, 3.6486560616942367, 3.6315624714709895, 3.5983874115174763, 3.5800027717745624, 3.5505410928454926, 3.5242571155412947, 3.497045091339239, 3.4607795333764844, 3.4328164360710436, 3.3992385899588107, 3.3659105362629815, 3.3323399429324536, 3.292785645911974, 3.250334857655757, 3.208225856341448, 3.1691161205894067, 3.1239262044663283, 3.0746608066753764, 3.014865320396066, 2.9587640995833926, 2.898733660951828, 2.842040910243257, 2.767717716133873, 2.6850726125675255, 2.6043422326503958, 2.522859846666427, 2.41820349845178, 2.303264095031551, 2.1689425028075027, 2.0399415587631693, 1.895840641587663, 1.8197075804182878, 1.7727204947430197, 1.7315219298190385, 1.6916424666082934, 1.6500204254142918, 1.6092966531614818, 1.573470686631681, 1.5424324516705081, 1.5144069627285248, 1.4893648933255679, 1.4786038671592276, 1.4663872058703047, 1.460416274711558, 1.4558470438416458, 1.4472257465586065, 1.4419862818137241, 1.439197306656549, 1.4356818011947758, 1.4342817375311108, 1.4260227429239374], "accuracy": [0.06053090840578079, 0.12133793532848358, 0.1551268994808197, 0.17510858178138733, 0.19210952520370483, 0.2029041051864624, 0.2155935913324356, 0.2237267941236496, 0.22833631932735443, 0.23395715653896332, 0.23967382311820984, 0.2443046271800995, 0.250042587518692, 0.2538749873638153, 0.2601239085197449, 0.26210397481918335, 0.2665644586086273, 0.26823583245277405, 0.2735585868358612, 0.2774016261100769, 0.28095725178718567, 0.28360798954963684, 0.289019912481308, 0.29183700680732727, 0.2966381311416626, 0.300321489572525, 0.30556973814964294, 0.30758175253868103, 0.31196773052215576, 0.31686466932296753, 0.3190789520740509, 0.32412493228912354, 0.32780829071998596, 0.33230072259902954, 0.3342275619506836, 0.3369421660900116, 0.3457779884338379, 0.34904617071151733, 0.3511859178543091, 0.3550609052181244, 0.3591274917125702, 0.36260858178138733, 0.3684423565864563, 0.37259411811828613, 0.37444642186164856, 0.3801737427711487, 0.3847725987434387, 0.3892863094806671, 0.3938639163970947, 0.39848408102989197, 0.4008580446243286, 0.4098961055278778, 0.41541048884391785, 0.4194451570510864, 0.4261837899684906, 0.43033555150032043, 0.43738290667533875, 0.44439831376075745, 0.4529041051864624, 0.4583972096443176, 0.4662429690361023, 0.4760155975818634, 0.4871401786804199, 0.4941236674785614, 0.5058550238609314, 0.5159470438957214, 0.5284768342971802, 0.5411556959152222, 0.556613028049469, 0.5713890194892883, 0.5903061628341675, 0.6118740439414978, 0.6374233365058899, 0.6664643883705139, 0.6989226937294006, 0.7121828198432922, 0.7204373478889465, 0.7290070056915283, 0.7368953227996826, 0.74540114402771, 0.7537472248077393, 0.7622104287147522, 0.7688000202178955, 0.7747189402580261, 0.7817556858062744, 0.784070611000061, 0.7883346080780029, 0.788504958152771, 0.7897291779518127, 0.7916134595870972, 0.7936787009239197, 0.7946261167526245, 0.794306755065918, 0.7958290576934814, 0.7963826656341553], "val_loss": [4.986907891738109, 4.481096824010213, 5.020752390225728, 4.534457714129717, 4.424003649980594, 4.484146871627906, 4.755787109717344, 5.000046406036768, 5.206425706545512, 5.309911608695984, 5.077323112732325, 5.030558194869604, 5.909028991674766, 5.798552534519097, 4.985022162779783, 4.809867302576701, 4.671182195345561, 4.705111772586138, 4.623759587605794, 4.827158744518574, 4.636658685329633, 4.631780340121343, 4.2615397694783335, 4.6165888492877665, 4.4739072231146, 4.413938383261363, 4.68467637972954, 4.769214318348811, 4.657793164253235, 4.613154098009452, 4.687332636270767, 4.691866665314405, 4.948087626542801, 4.682854103736388, 4.846758359517807, 5.099802280083681, 4.494862392926827, 4.223967462013929, 4.276133158268073, 4.530485649903615, 4.173259557821812, 4.434816666138478, 4.2148286791948175, 4.373963345319797, 4.1585347927533665, 4.343789100646973, 4.129532346358666, 4.08141874961364, 4.90187281370163, 4.140743251030262, 4.261009937677628, 4.823451566390502, 4.213798691064883, 4.549558774018899, 4.199152283179454, 4.352018032318506, 3.8247801646208153, 4.277038404574761, 4.125659462733147, 3.8731277829561477, 3.732728340686896, 4.074422548978757, 3.918942514138344, 3.928918630648882, 3.7327872010377736, 3.8232483084385214, 3.8141844242047043, 3.783466479717157, 3.8100925164344983, 3.5905419633938718, 3.5820800432792077, 3.4316099209663196, 3.344793434326465, 3.167469865236527, 3.030139829867925, 3.106434710514851, 3.059408189394535, 3.0840456057817507, 3.1098779623325052, 3.0502663667385397, 3.0441456467677384, 3.0049407925361242, 2.9819051302396336, 2.996860473583906, 2.9378147507325196, 2.9198990204395394, 2.9573083076721582, 2.9206095276734767, 2.9412008141859984, 2.950315866714869, 2.938083963516431, 2.949649696166699, 2.9502626764468656, 2.93141964612863, 2.9278918351882544], "val_accuracy": [0.08143028616905212, 0.1362721472978592, 0.11151368916034698, 0.16264089941978455, 0.1794484704732895, 0.192733496427536, 0.18126006424427032, 0.16888083517551422, 0.16133253276348114, 0.14200885593891144, 0.16394928097724915, 0.18156199157238007, 0.1319444477558136, 0.1373792290687561, 0.1829710155725479, 0.20098631083965302, 0.21497584879398346, 0.22363123297691345, 0.2150764912366867, 0.20933976769447327, 0.22453702986240387, 0.21054750680923462, 0.2671273946762085, 0.22212158143520355, 0.23923107981681824, 0.2571457326412201, 0.23560789227485657, 0.22966988384723663, 0.25382447242736816, 0.25271740555763245, 0.25311997532844543, 0.2562399208545685, 0.23419886827468872, 0.25613927841186523, 0.24838969111442566, 0.2330917865037918, 0.2770732641220093, 0.31370773911476135, 0.30092594027519226, 0.2843196392059326, 0.30525362491607666, 0.2864331603050232, 0.30545490980148315, 0.3023349344730377, 0.31863927841186523, 0.306863933801651, 0.31451287865638733, 0.32216182351112366, 0.2640901803970337, 0.32407405972480774, 0.30736714601516724, 0.27224233746528625, 0.3127012848854065, 0.29156601428985596, 0.30525362491607666, 0.3007246255874634, 0.3667471706867218, 0.311694860458374, 0.33494365215301514, 0.3569847047328949, 0.3813405930995941, 0.3391706943511963, 0.3752012848854065, 0.3618156313896179, 0.3921095132827759, 0.37550321221351624, 0.3789251148700714, 0.39029791951179504, 0.39502817392349243, 0.41052737832069397, 0.4158615171909332, 0.4476650655269623, 0.44716182351112366, 0.48057568073272705, 0.4993961453437805, 0.48818108439445496, 0.49255234003067017, 0.49335747957229614, 0.4854066073894501, 0.4988929033279419, 0.4977858364582062, 0.5076489448547363, 0.5076489448547363, 0.5050321817398071, 0.5103663206100464, 0.5145232081413269, 0.5095611810684204, 0.5159017443656921, 0.5144927501678467, 0.5137882232666016, 0.5140901803970337, 0.512479841709137, 0.5126811861991882, 0.5148953199386597, 0.5138888955116272]}