{"R": 122.48721883570894, "G": 114.28870889347158, "B": 101.40185356497257}